study,version,part,npix,threads,iters,converged,time,busymax,busymin,busyavg,hash,rep,load
converge,seq,seq,100,1,3711,1,0.059123,,,,2a405d2d58e05d9,1,0.04
converge,omp,static,100,1,3711,1,0.059402,0.0581,0.0581,0.0581,2a405d2d58e05d9,1,0.04
converge,omp,dynamic,100,1,3711,1,0.060490,0.0592,0.0592,0.0592,2a405d2d58e05d9,1,0.04
converge,omp,static,100,2,3711,1,0.033309,0.0302,0.0293,0.0298,2a405d2d58e05d9,1,0.04
converge,omp,dynamic,100,2,3711,1,0.036322,0.0331,0.0330,0.0331,2a405d2d58e05d9,1,0.04
converge,omp,static,100,4,3711,1,0.019958,0.0156,0.0145,0.0150,2a405d2d58e05d9,1,0.04
converge,omp,dynamic,100,4,3711,1,0.027508,0.0221,0.0219,0.0220,2a405d2d58e05d9,1,0.04
converge,omp,static,100,8,3711,1,0.015495,0.0089,0.0077,0.0082,2a405d2d58e05d9,1,0.04
converge,omp,dynamic,100,8,3711,1,0.034059,0.0213,0.0212,0.0212,2a405d2d58e05d9,1,0.04
converge,seq,seq,100,1,3711,1,0.058691,,,,2a405d2d58e05d9,2,0.04
converge,omp,static,100,1,3711,1,0.060190,0.0589,0.0589,0.0589,2a405d2d58e05d9,2,0.04
converge,omp,dynamic,100,1,3711,1,0.060729,0.0594,0.0594,0.0594,2a405d2d58e05d9,2,0.04
converge,omp,static,100,2,3711,1,0.032304,0.0296,0.0294,0.0295,2a405d2d58e05d9,2,0.04
converge,omp,dynamic,100,2,3711,1,0.035942,0.0331,0.0330,0.0331,2a405d2d58e05d9,2,0.04
converge,omp,static,100,4,3711,1,0.020502,0.0155,0.0143,0.0151,2a405d2d58e05d9,2,0.04
converge,omp,dynamic,100,4,3711,1,0.031282,0.0235,0.0234,0.0235,2a405d2d58e05d9,2,0.04
converge,omp,static,100,8,3711,1,0.019280,0.0084,0.0076,0.0080,2a405d2d58e05d9,2,0.04
converge,omp,dynamic,100,8,3711,1,0.035103,0.0253,0.0226,0.0231,2a405d2d58e05d9,2,0.04
converge,seq,seq,200,1,13543,1,0.992113,,,,572be13f433f454e,1,0.04
converge,omp,static,200,1,13543,1,1.006348,1.0011,1.0011,1.0011,572be13f433f454e,1,0.12
converge,omp,dynamic,200,1,13543,1,1.004863,0.9996,0.9996,0.9996,572be13f433f454e,1,0.12
converge,omp,static,200,2,13543,1,0.515588,0.5052,0.4928,0.4990,572be13f433f454e,1,0.12
converge,omp,dynamic,200,2,13543,1,0.530079,0.5122,0.5098,0.5110,572be13f433f454e,1,0.12
converge,omp,static,200,4,13543,1,0.272645,0.2571,0.2385,0.2511,572be13f433f454e,1,0.12
converge,omp,dynamic,200,4,13543,1,0.301689,0.2740,0.2719,0.2732,572be13f433f454e,1,0.12
converge,omp,static,200,8,13543,1,0.171215,0.1377,0.1270,0.1310,572be13f433f454e,1,0.12
converge,omp,dynamic,200,8,13543,1,0.200104,0.1580,0.1547,0.1556,572be13f433f454e,1,0.12
converge,seq,seq,200,1,13543,1,1.065592,,,,572be13f433f454e,2,0.12
converge,omp,static,200,1,13543,1,0.999519,0.9945,0.9945,0.9945,572be13f433f454e,2,0.27
converge,omp,dynamic,200,1,13543,1,0.998113,0.9930,0.9930,0.9930,572be13f433f454e,2,0.27
converge,omp,static,200,2,13543,1,0.515883,0.5001,0.4995,0.4998,572be13f433f454e,2,0.27
converge,omp,dynamic,200,2,13543,1,0.531237,0.5107,0.5103,0.5105,572be13f433f454e,2,0.27
converge,omp,static,200,4,13543,1,0.273501,0.2572,0.2391,0.2506,572be13f433f454e,2,0.27
converge,omp,dynamic,200,4,13543,1,0.298089,0.2712,0.2695,0.2705,572be13f433f454e,2,0.27
converge,omp,static,200,8,13543,1,0.158041,0.1307,0.1245,0.1272,572be13f433f454e,2,0.27
converge,omp,dynamic,200,8,13543,1,0.194420,0.1527,0.1517,0.1520,572be13f433f454e,2,0.27
converge,seq,seq,400,1,47875,1,14.400580,,,,f399eabf7074e4bd,1,0.27
converge,omp,static,400,1,47875,1,14.649637,14.6227,14.6227,14.6227,f399eabf7074e4bd,1,0.43
converge,omp,dynamic,400,1,47875,1,14.775456,14.7490,14.7490,14.7490,f399eabf7074e4bd,1,0.56
converge,omp,static,400,2,47875,1,7.763889,7.7213,7.1057,7.4135,f399eabf7074e4bd,1,0.66
converge,omp,dynamic,400,2,47875,1,7.501380,7.3935,7.3783,7.3859,f399eabf7074e4bd,1,0.86
converge,omp,static,400,4,47875,1,4.278403,4.2062,3.4638,3.7056,f399eabf7074e4bd,1,0.95
converge,omp,dynamic,400,4,47875,1,3.935361,3.6354,3.6283,3.6309,f399eabf7074e4bd,1,1.20
converge,omp,static,400,8,47875,1,2.001769,1.8359,1.7579,1.8015,f399eabf7074e4bd,1,1.42
converge,omp,dynamic,400,8,47875,1,2.287112,1.9211,1.9057,1.9112,f399eabf7074e4bd,1,1.42
converge,seq,seq,400,1,47875,1,14.178783,,,,f399eabf7074e4bd,2,1.95
converge,omp,static,400,1,47875,1,14.259752,14.2303,14.2303,14.2303,f399eabf7074e4bd,2,1.74
converge,omp,dynamic,400,1,47875,1,14.290117,14.2608,14.2608,14.2608,f399eabf7074e4bd,2,1.78
converge,omp,static,400,2,47875,1,7.183636,7.1306,7.0966,7.1136,f399eabf7074e4bd,2,1.61
converge,omp,dynamic,400,2,47875,1,7.256656,7.1650,7.1619,7.1635,f399eabf7074e4bd,2,1.67
converge,omp,static,400,4,47875,1,3.704208,3.6416,3.4554,3.5614,f399eabf7074e4bd,2,1.69
converge,omp,dynamic,400,4,47875,1,3.948717,3.6510,3.6297,3.6404,f399eabf7074e4bd,2,1.88
converge,omp,static,400,8,47875,1,2.134055,2.0290,1.7469,1.8241,f399eabf7074e4bd,2,2.05
converge,omp,dynamic,400,8,47875,1,2.282053,1.9379,1.9305,1.9336,f399eabf7074e4bd,2,2.05
converge,seq,seq,800,1,165265,1,197.336602,,,,e420520e75615ac3,1,2.53
converge,omp,static,800,8,165265,1,27.602155,26.2648,24.0405,25.2114,e420520e75615ac3,1,1.06
converge,omp,dynamic,800,8,165265,1,30.294535,25.8203,25.6467,25.7271,e420520e75615ac3,1,3.80
strong,seq,seq,400,1,10000,0,2.988083,,,,423da4f6aba24111,1,5.45
strong,omp,static,400,1,10000,0,3.005400,2.9990,2.9990,2.9990,423da4f6aba24111,1,5.45
strong,omp,dynamic,400,1,10000,0,2.991245,2.9850,2.9850,2.9850,423da4f6aba24111,1,5.10
strong,omp,static,400,2,10000,0,1.506567,1.4930,1.4820,1.4875,423da4f6aba24111,1,5.10
strong,omp,dynamic,400,2,10000,0,1.519082,1.4995,1.4970,1.4982,423da4f6aba24111,1,4.85
strong,omp,static,400,3,10000,0,1.013182,0.9952,0.9892,0.9922,423da4f6aba24111,1,4.85
strong,omp,dynamic,400,3,10000,0,1.028684,1.0075,1.0020,1.0049,423da4f6aba24111,1,4.85
strong,omp,static,400,4,10000,0,0.773949,0.7573,0.7228,0.7442,423da4f6aba24111,1,4.85
strong,omp,dynamic,400,4,10000,0,0.824531,0.7644,0.7589,0.7614,423da4f6aba24111,1,4.78
strong,omp,static,400,5,10000,0,0.641836,0.6142,0.5833,0.5984,423da4f6aba24111,1,4.78
strong,omp,dynamic,400,5,10000,0,0.716663,0.6209,0.6123,0.6173,423da4f6aba24111,1,4.78
strong,omp,static,400,6,10000,0,0.594827,0.5732,0.4821,0.5104,423da4f6aba24111,1,4.78
strong,omp,dynamic,400,6,10000,0,0.602986,0.5328,0.5284,0.5298,423da4f6aba24111,1,4.78
strong,omp,static,400,7,10000,0,0.541976,0.5106,0.4169,0.4423,423da4f6aba24111,1,4.78
strong,omp,dynamic,400,7,10000,0,0.616412,0.4790,0.4668,0.4733,423da4f6aba24111,1,4.78
strong,omp,static,400,8,10000,0,0.458041,0.4331,0.3660,0.3828,423da4f6aba24111,1,5.04
strong,omp,dynamic,400,8,10000,0,0.484370,0.4114,0.4059,0.4077,423da4f6aba24111,1,5.04
strong,seq,seq,800,1,2500,0,3.098384,,,,99022d33efc11489,1,5.04
strong,omp,static,800,1,2500,0,3.127505,3.1252,3.1252,3.1252,99022d33efc11489,1,5.04
strong,omp,dynamic,800,1,2500,0,3.109693,3.1074,3.1074,3.1074,99022d33efc11489,1,4.71
strong,omp,static,800,2,2500,0,1.604238,1.5739,1.5667,1.5703,99022d33efc11489,1,4.42
strong,omp,dynamic,800,2,2500,0,1.572712,1.5534,1.5516,1.5525,99022d33efc11489,1,4.42
strong,omp,static,800,3,2500,0,1.072057,1.0599,1.0232,1.0368,99022d33efc11489,1,4.42
strong,omp,dynamic,800,3,2500,0,1.058854,1.0369,1.0283,1.0317,99022d33efc11489,1,4.42
strong,omp,static,800,4,2500,0,0.822035,0.8040,0.7356,0.7755,99022d33efc11489,1,4.38
strong,omp,dynamic,800,4,2500,0,0.803048,0.7797,0.7744,0.7780,99022d33efc11489,1,4.38
strong,omp,static,800,5,2500,0,0.676839,0.6641,0.5934,0.6233,99022d33efc11489,1,4.38
strong,omp,dynamic,800,5,2500,0,0.672513,0.6249,0.6227,0.6233,99022d33efc11489,1,4.38
strong,omp,static,800,6,2500,0,0.578685,0.5367,0.5031,0.5194,99022d33efc11489,1,4.38
strong,omp,dynamic,800,6,2500,0,0.558293,0.5230,0.5164,0.5193,99022d33efc11489,1,4.38
strong,omp,static,800,7,2500,0,0.470557,0.4534,0.4164,0.4386,99022d33efc11489,1,4.51
strong,omp,dynamic,800,7,2500,0,0.477071,0.4457,0.4427,0.4441,99022d33efc11489,1,4.51
strong,omp,static,800,8,2500,0,0.409791,0.3910,0.3623,0.3815,99022d33efc11489,1,4.51
strong,omp,dynamic,800,8,2500,0,0.457528,0.3917,0.3865,0.3892,99022d33efc11489,1,4.51
strong,seq,seq,1600,1,625,0,4.623112,,,,ae1209a2bebdad4f,1,4.51
strong,omp,static,1600,1,625,0,4.627579,4.6268,4.6268,4.6268,ae1209a2bebdad4f,1,4.23
strong,omp,dynamic,1600,1,625,0,4.662920,4.6622,4.6622,4.6622,ae1209a2bebdad4f,1,3.97
strong,omp,static,1600,2,625,0,2.377347,2.3639,2.2650,2.3145,ae1209a2bebdad4f,1,3.73
strong,omp,dynamic,1600,2,625,0,2.380179,2.3190,2.3165,2.3177,ae1209a2bebdad4f,1,3.73
strong,omp,static,1600,3,625,0,1.715884,1.6696,1.4490,1.5410,ae1209a2bebdad4f,1,3.59
strong,omp,dynamic,1600,3,625,0,1.820092,1.5719,1.5471,1.5606,ae1209a2bebdad4f,1,3.59
strong,omp,static,1600,4,625,0,1.390438,1.3864,0.9674,1.1553,ae1209a2bebdad4f,1,3.59
strong,omp,dynamic,1600,4,625,0,1.363998,1.1751,1.1563,1.1665,ae1209a2bebdad4f,1,3.63
strong,omp,static,1600,5,625,0,1.188351,1.1665,0.7854,0.9207,ae1209a2bebdad4f,1,3.63
strong,omp,dynamic,1600,5,625,0,1.149816,0.9294,0.9183,0.9235,ae1209a2bebdad4f,1,3.63
strong,omp,static,1600,6,625,0,0.970563,0.9542,0.6810,0.7666,ae1209a2bebdad4f,1,3.63
strong,omp,dynamic,1600,6,625,0,1.009519,0.7785,0.7698,0.7747,ae1209a2bebdad4f,1,3.82
strong,omp,static,1600,7,625,0,0.802900,0.7719,0.5483,0.6524,ae1209a2bebdad4f,1,3.82
strong,omp,dynamic,1600,7,625,0,0.878617,0.6661,0.6582,0.6615,ae1209a2bebdad4f,1,3.82
strong,omp,static,1600,8,625,0,0.789459,0.7685,0.4522,0.5764,ae1209a2bebdad4f,1,3.82
strong,omp,dynamic,1600,8,625,0,0.841185,0.6018,0.5783,0.5848,ae1209a2bebdad4f,1,3.82
strong,seq,seq,3200,1,156,0,3.984330,,,,9e0bf857c97eb34,1,4.15
strong,omp,static,3200,1,156,0,4.011219,4.0108,4.0108,4.0108,9e0bf857c97eb34,1,4.15
strong,omp,dynamic,3200,1,156,0,4.000139,3.9997,3.9997,3.9997,9e0bf857c97eb34,1,3.90
strong,omp,static,3200,2,156,0,2.105952,2.0614,2.0068,2.0341,9e0bf857c97eb34,1,3.67
strong,omp,dynamic,3200,2,156,0,2.051029,2.0170,1.9735,1.9952,9e0bf857c97eb34,1,3.53
strong,omp,static,3200,3,156,0,1.352719,1.3245,1.2919,1.3121,9e0bf857c97eb34,1,3.53
strong,omp,dynamic,3200,3,156,0,1.391684,1.3292,1.3011,1.3191,9e0bf857c97eb34,1,3.53
strong,omp,static,3200,4,156,0,1.038484,1.0206,0.9790,0.9930,9e0bf857c97eb34,1,3.49
strong,omp,dynamic,3200,4,156,0,1.081336,1.0085,0.9774,0.9919,9e0bf857c97eb34,1,3.49
strong,omp,static,3200,5,156,0,0.814162,0.8012,0.7777,0.7899,9e0bf857c97eb34,1,3.49
strong,omp,dynamic,3200,5,156,0,0.893912,0.7978,0.7853,0.7907,9e0bf857c97eb34,1,3.49
strong,omp,static,3200,6,156,0,0.705780,0.6806,0.6565,0.6642,9e0bf857c97eb34,1,3.49
strong,omp,dynamic,3200,6,156,0,0.764784,0.6722,0.6442,0.6603,9e0bf857c97eb34,1,3.37
strong,omp,static,3200,7,156,0,0.608822,0.5823,0.5482,0.5691,9e0bf857c97eb34,1,3.37
strong,omp,dynamic,3200,7,156,0,0.672605,0.5775,0.5585,0.5668,9e0bf857c97eb34,1,3.37
strong,omp,static,3200,8,156,0,0.537999,0.5245,0.4667,0.4988,9e0bf857c97eb34,1,3.37
strong,omp,dynamic,3200,8,156,0,0.598109,0.5007,0.4921,0.4969,9e0bf857c97eb34,1,3.37
strong,seq,seq,400,1,10000,0,2.999928,,,,423da4f6aba24111,2,3.37
strong,omp,static,400,1,10000,0,2.985460,2.9795,2.9795,2.9795,423da4f6aba24111,2,3.18
strong,omp,dynamic,400,1,10000,0,3.018539,3.0123,3.0123,3.0123,423da4f6aba24111,2,3.01
strong,omp,static,400,2,10000,0,1.567817,1.5280,1.5189,1.5234,423da4f6aba24111,2,3.01
strong,omp,dynamic,400,2,10000,0,1.580823,1.5538,1.5486,1.5512,423da4f6aba24111,2,2.93
strong,omp,static,400,3,10000,0,1.072863,1.0170,1.0144,1.0155,423da4f6aba24111,2,2.93
strong,omp,dynamic,400,3,10000,0,1.086016,1.0527,1.0486,1.0504,423da4f6aba24111,2,2.93
strong,omp,static,400,4,10000,0,0.780387,0.7590,0.7180,0.7468,423da4f6aba24111,2,2.93
strong,omp,dynamic,400,4,10000,0,0.842771,0.7781,0.7708,0.7729,423da4f6aba24111,2,2.93
strong,omp,static,400,5,10000,0,0.699251,0.6686,0.5854,0.6248,423da4f6aba24111,2,3.01
strong,omp,dynamic,400,5,10000,0,0.710329,0.6415,0.6360,0.6387,423da4f6aba24111,2,3.01
strong,omp,static,400,6,10000,0,0.620923,0.5838,0.4880,0.5262,423da4f6aba24111,2,3.01
strong,omp,dynamic,400,6,10000,0,0.622128,0.5420,0.5350,0.5384,423da4f6aba24111,2,3.01
strong,omp,static,400,7,10000,0,0.535846,0.4955,0.4208,0.4485,423da4f6aba24111,2,3.01
strong,omp,dynamic,400,7,10000,0,0.559867,0.4806,0.4748,0.4775,423da4f6aba24111,2,3.01
strong,omp,static,400,8,10000,0,0.600466,0.4827,0.3649,0.4100,423da4f6aba24111,2,3.01
strong,omp,dynamic,400,8,10000,0,0.530668,0.4193,0.4150,0.4174,423da4f6aba24111,2,3.41
strong,seq,seq,800,1,2500,0,3.074450,,,,99022d33efc11489,2,3.41
strong,omp,static,800,1,2500,0,3.092641,3.0904,3.0904,3.0904,99022d33efc11489,2,3.41
strong,omp,dynamic,800,1,2500,0,3.095207,3.0928,3.0928,3.0928,99022d33efc11489,2,3.22
strong,omp,static,800,2,2500,0,1.588538,1.5808,1.5357,1.5582,99022d33efc11489,2,3.22
strong,omp,dynamic,800,2,2500,0,1.582424,1.5563,1.5474,1.5519,99022d33efc11489,2,3.04
strong,omp,static,800,3,2500,0,1.056675,1.0415,1.0178,1.0268,99022d33efc11489,2,3.04
strong,omp,dynamic,800,3,2500,0,1.047087,1.0273,1.0228,1.0247,99022d33efc11489,2,3.04
strong,omp,static,800,4,2500,0,0.828192,0.8250,0.7209,0.7680,99022d33efc11489,2,3.04
strong,omp,dynamic,800,4,2500,0,0.787236,0.7680,0.7645,0.7664,99022d33efc11489,2,3.04
strong,omp,static,800,5,2500,0,0.644524,0.6293,0.5930,0.6162,99022d33efc11489,2,3.04
strong,omp,dynamic,800,5,2500,0,0.652822,0.6192,0.6169,0.6180,99022d33efc11489,2,3.04
strong,omp,static,800,6,2500,0,0.546406,0.5405,0.4973,0.5109,99022d33efc11489,2,3.04
strong,omp,dynamic,800,6,2500,0,0.545822,0.5209,0.5171,0.5194,99022d33efc11489,2,3.04
strong,omp,static,800,7,2500,0,0.464344,0.4529,0.4211,0.4384,99022d33efc11489,2,3.04
strong,omp,dynamic,800,7,2500,0,0.498374,0.4565,0.4480,0.4502,99022d33efc11489,2,3.04
strong,omp,static,800,8,2500,0,0.416183,0.3963,0.3639,0.3816,99022d33efc11489,2,3.35
strong,omp,dynamic,800,8,2500,0,0.459373,0.3948,0.3917,0.3929,99022d33efc11489,2,3.35
strong,seq,seq,1600,1,625,0,4.592340,,,,ae1209a2bebdad4f,2,3.35
strong,omp,static,1600,1,625,0,4.650174,4.6493,4.6493,4.6493,ae1209a2bebdad4f,2,3.17
strong,omp,dynamic,1600,1,625,0,4.604704,4.6040,4.6040,4.6040,ae1209a2bebdad4f,2,2.99
strong,omp,static,1600,2,625,0,2.370010,2.3609,2.2475,2.3042,ae1209a2bebdad4f,2,2.83
strong,omp,dynamic,1600,2,625,0,2.358840,2.3034,2.2974,2.3004,ae1209a2bebdad4f,2,2.83
strong,omp,static,1600,3,625,0,1.725010,1.6896,1.4293,1.5357,ae1209a2bebdad4f,2,2.77
strong,omp,dynamic,1600,3,625,0,1.802568,1.5643,1.5183,1.5341,ae1209a2bebdad4f,2,2.77
strong,omp,static,1600,4,625,0,1.379050,1.3763,0.9613,1.1414,ae1209a2bebdad4f,2,2.77
strong,omp,dynamic,1600,4,625,0,1.346708,1.1538,1.1434,1.1478,ae1209a2bebdad4f,2,2.86
strong,omp,static,1600,5,625,0,1.165938,1.1476,0.7874,0.9076,ae1209a2bebdad4f,2,2.86
strong,omp,dynamic,1600,5,625,0,1.140410,0.9340,0.9109,0.9190,ae1209a2bebdad4f,2,2.86
strong,omp,static,1600,6,625,0,0.966823,0.9494,0.6673,0.7577,ae1209a2bebdad4f,2,2.86
strong,omp,dynamic,1600,6,625,0,1.006571,0.7735,0.7616,0.7665,ae1209a2bebdad4f,2,2.86
strong,omp,static,1600,7,625,0,0.800724,0.7707,0.5553,0.6497,ae1209a2bebdad4f,2,3.12
strong,omp,dynamic,1600,7,625,0,0.871583,0.6608,0.6470,0.6558,ae1209a2bebdad4f,2,3.12
strong,omp,static,1600,8,625,0,0.784840,0.7585,0.4547,0.5690,ae1209a2bebdad4f,2,3.12
strong,omp,dynamic,1600,8,625,0,0.807379,0.5869,0.5683,0.5741,ae1209a2bebdad4f,2,3.12
strong,seq,seq,3200,1,156,0,3.878587,,,,9e0bf857c97eb34,2,3.12
strong,omp,static,3200,1,156,0,3.897417,3.8971,3.8971,3.8971,9e0bf857c97eb34,2,2.95
strong,omp,dynamic,3200,1,156,0,3.894626,3.8944,3.8944,3.8944,9e0bf857c97eb34,2,2.79
strong,omp,static,3200,2,156,0,2.046834,1.9977,1.9895,1.9936,9e0bf857c97eb34,2,2.65
strong,omp,dynamic,3200,2,156,0,2.010552,1.9647,1.9598,1.9622,9e0bf857c97eb34,2,2.65
strong,omp,static,3200,3,156,0,1.347713,1.3247,1.2777,1.3073,9e0bf857c97eb34,2,2.59
strong,omp,dynamic,3200,3,156,0,1.375779,1.3084,1.3000,1.3030,9e0bf857c97eb34,2,2.59
strong,omp,static,3200,4,156,0,1.021474,1.0146,0.9520,0.9795,9e0bf857c97eb34,2,2.59
strong,omp,dynamic,3200,4,156,0,1.081700,1.0020,0.9676,0.9851,9e0bf857c97eb34,2,2.71
strong,omp,static,3200,5,156,0,0.813204,0.8069,0.7718,0.7877,9e0bf857c97eb34,2,2.71
strong,omp,dynamic,3200,5,156,0,0.895410,0.7978,0.7815,0.7877,9e0bf857c97eb34,2,2.71
strong,omp,static,3200,6,156,0,0.691077,0.6759,0.6294,0.6561,9e0bf857c97eb34,2,2.71
strong,omp,dynamic,3200,6,156,0,0.760811,0.6640,0.6484,0.6553,9e0bf857c97eb34,2,2.71
strong,omp,static,3200,7,156,0,0.623537,0.5913,0.5454,0.5678,9e0bf857c97eb34,2,2.97
strong,omp,dynamic,3200,7,156,0,0.665305,0.5656,0.5568,0.5626,9e0bf857c97eb34,2,2.97
strong,omp,static,3200,8,156,0,0.531657,0.5220,0.4592,0.4954,9e0bf857c97eb34,2,2.97
strong,omp,dynamic,3200,8,156,0,0.602866,0.5016,0.4946,0.4974,9e0bf857c97eb34,2,2.97
strong,seq,seq,400,1,10000,0,2.967151,,,,423da4f6aba24111,3,2.97
strong,omp,static,400,1,10000,0,2.986248,2.9801,2.9801,2.9801,423da4f6aba24111,3,2.81
strong,omp,dynamic,400,1,10000,0,3.041912,3.0361,3.0361,3.0361,423da4f6aba24111,3,2.81
strong,omp,static,400,2,10000,0,1.534080,1.5228,1.4794,1.5011,423da4f6aba24111,3,2.67
strong,omp,dynamic,400,2,10000,0,1.539829,1.5262,1.5256,1.5259,423da4f6aba24111,3,2.67
strong,omp,static,400,3,10000,0,1.065235,1.0553,0.9899,1.0138,423da4f6aba24111,3,2.61
strong,omp,dynamic,400,3,10000,0,1.045970,1.0243,1.0215,1.0230,423da4f6aba24111,3,2.61
strong,omp,static,400,4,10000,0,0.769293,0.7558,0.7289,0.7436,423da4f6aba24111,3,2.61
strong,omp,dynamic,400,4,10000,0,0.825394,0.7735,0.7672,0.7704,423da4f6aba24111,3,2.61
strong,omp,static,400,5,10000,0,0.657810,0.6417,0.5828,0.6057,423da4f6aba24111,3,2.61
strong,omp,dynamic,400,5,10000,0,0.708150,0.6266,0.6209,0.6229,423da4f6aba24111,3,2.61
strong,omp,static,400,6,10000,0,0.604776,0.5710,0.4848,0.5090,423da4f6aba24111,3,2.81
strong,omp,dynamic,400,6,10000,0,0.597891,0.5212,0.5158,0.5187,423da4f6aba24111,3,2.81
strong,omp,static,400,7,10000,0,0.458017,0.4342,0.4196,0.4267,423da4f6aba24111,3,2.81
strong,omp,dynamic,400,7,10000,0,0.488615,0.4568,0.4506,0.4522,423da4f6aba24111,3,2.81
strong,omp,static,400,8,10000,0,0.458563,0.4370,0.3649,0.3801,423da4f6aba24111,3,2.81
strong,omp,dynamic,400,8,10000,0,0.479530,0.4120,0.4034,0.4065,423da4f6aba24111,3,2.81
strong,seq,seq,800,1,2500,0,3.117433,,,,99022d33efc11489,3,2.81
strong,omp,static,800,1,2500,0,3.060903,3.0585,3.0585,3.0585,99022d33efc11489,3,2.66
strong,omp,dynamic,800,1,2500,0,3.098396,3.0959,3.0959,3.0959,99022d33efc11489,3,2.66
strong,omp,static,800,2,2500,0,1.549609,1.5378,1.5263,1.5321,99022d33efc11489,3,2.53
strong,omp,dynamic,800,2,2500,0,1.562556,1.5428,1.5401,1.5414,99022d33efc11489,3,2.53
strong,omp,static,800,3,2500,0,1.044849,1.0336,1.0147,1.0222,99022d33efc11489,3,2.48
strong,omp,dynamic,800,3,2500,0,1.040416,1.0224,1.0202,1.0212,99022d33efc11489,3,2.48
strong,omp,static,800,4,2500,0,0.802066,0.7971,0.7422,0.7657,99022d33efc11489,3,2.48
strong,omp,dynamic,800,4,2500,0,0.796570,0.7740,0.7691,0.7714,99022d33efc11489,3,2.48
strong,omp,static,800,5,2500,0,0.667092,0.6499,0.5933,0.6142,99022d33efc11489,3,2.48
strong,omp,dynamic,800,5,2500,0,0.667111,0.6212,0.6123,0.6147,99022d33efc11489,3,2.69
strong,omp,static,800,6,2500,0,0.555014,0.5455,0.4878,0.5097,99022d33efc11489,3,2.69
strong,omp,dynamic,800,6,2500,0,0.540597,0.5154,0.5097,0.5129,99022d33efc11489,3,2.69
strong,omp,static,800,7,2500,0,0.509896,0.4966,0.4135,0.4492,99022d33efc11489,3,2.69
strong,omp,dynamic,800,7,2500,0,0.484483,0.4448,0.4409,0.4424,99022d33efc11489,3,2.69
strong,omp,static,800,8,2500,0,0.426303,0.4042,0.3620,0.3847,99022d33efc11489,3,2.69
strong,omp,dynamic,800,8,2500,0,0.461148,0.3916,0.3887,0.3905,99022d33efc11489,3,2.69
strong,seq,seq,1600,1,625,0,4.671019,,,,ae1209a2bebdad4f,3,2.69
strong,omp,static,1600,1,625,0,4.673500,4.6726,4.6726,4.6726,ae1209a2bebdad4f,3,2.55
strong,omp,dynamic,1600,1,625,0,4.673541,4.6727,4.6727,4.6727,ae1209a2bebdad4f,3,2.43
strong,omp,static,1600,2,625,0,2.358550,2.3459,2.2484,2.2971,ae1209a2bebdad4f,3,2.31
strong,omp,dynamic,1600,2,625,0,2.366264,2.3085,2.3027,2.3056,ae1209a2bebdad4f,3,2.29
strong,omp,static,1600,3,625,0,1.703633,1.6688,1.4257,1.5340,ae1209a2bebdad4f,3,2.29
strong,omp,dynamic,1600,3,625,0,1.807954,1.5415,1.5279,1.5358,ae1209a2bebdad4f,3,2.29
strong,omp,static,1600,4,625,0,1.387793,1.3842,0.9519,1.1456,ae1209a2bebdad4f,3,2.34
strong,omp,dynamic,1600,4,625,0,1.346833,1.1626,1.1385,1.1475,ae1209a2bebdad4f,3,2.34
strong,omp,static,1600,5,625,0,1.160789,1.1467,0.7786,0.9084,ae1209a2bebdad4f,3,2.34
strong,omp,dynamic,1600,5,625,0,1.136629,0.9285,0.9065,0.9165,ae1209a2bebdad4f,3,2.56
strong,omp,static,1600,6,625,0,0.963775,0.9459,0.6616,0.7566,ae1209a2bebdad4f,3,2.56
strong,omp,dynamic,1600,6,625,0,1.000819,0.7719,0.7591,0.7650,ae1209a2bebdad4f,3,2.56
strong,omp,static,1600,7,625,0,0.798003,0.7700,0.5468,0.6491,ae1209a2bebdad4f,3,2.56
strong,omp,dynamic,1600,7,625,0,0.869791,0.6637,0.6482,0.6554,ae1209a2bebdad4f,3,2.56
strong,omp,static,1600,8,625,0,0.806627,0.7612,0.4429,0.5705,ae1209a2bebdad4f,3,2.91
strong,omp,dynamic,1600,8,625,0,0.807915,0.5813,0.5705,0.5753,ae1209a2bebdad4f,3,2.91
strong,seq,seq,3200,1,156,0,3.884532,,,,9e0bf857c97eb34,3,2.91
strong,omp,static,3200,1,156,0,3.913268,3.9130,3.9130,3.9130,9e0bf857c97eb34,3,2.76
strong,omp,dynamic,3200,1,156,0,3.906112,3.9058,3.9058,3.9058,9e0bf857c97eb34,3,2.62
strong,omp,static,3200,2,156,0,2.001926,1.9871,1.9637,1.9754,9e0bf857c97eb34,3,2.62
strong,omp,dynamic,3200,2,156,0,2.003115,1.9676,1.9542,1.9609,9e0bf857c97eb34,3,2.57
strong,omp,static,3200,3,156,0,1.348498,1.3292,1.2849,1.3090,9e0bf857c97eb34,3,2.57
strong,omp,dynamic,3200,3,156,0,1.384440,1.3360,1.2909,1.3095,9e0bf857c97eb34,3,2.60
strong,omp,static,3200,4,156,0,1.027202,1.0192,0.9608,0.9849,9e0bf857c97eb34,3,2.60
strong,omp,dynamic,3200,4,156,0,1.072511,1.0106,0.9716,0.9861,9e0bf857c97eb34,3,2.60
strong,omp,static,3200,5,156,0,0.822345,0.8046,0.7761,0.7912,9e0bf857c97eb34,3,2.60
strong,omp,dynamic,3200,5,156,0,0.908231,0.8152,0.7778,0.7941,9e0bf857c97eb34,3,2.80
strong,omp,static,3200,6,156,0,0.694923,0.6803,0.6344,0.6602,9e0bf857c97eb34,3,2.80
strong,omp,dynamic,3200,6,156,0,0.761764,0.6781,0.6489,0.6588,9e0bf857c97eb34,3,2.80
strong,omp,static,3200,7,156,0,0.607757,0.5862,0.5499,0.5690,9e0bf857c97eb34,3,2.80
strong,omp,dynamic,3200,7,156,0,0.670705,0.5738,0.5580,0.5669,9e0bf857c97eb34,3,2.80
strong,omp,static,3200,8,156,0,0.537227,0.5256,0.4569,0.4986,9e0bf857c97eb34,3,2.80
strong,omp,dynamic,3200,8,156,0,0.614728,0.5140,0.4961,0.5011,9e0bf857c97eb34,3,3.21
weak,seq,seq,400,1,1500,0,0.441488,,,,81c1492c579439e6,1,3.21
weak,omp,static,400,1,1500,0,0.474491,0.4736,0.4736,0.4736,81c1492c579439e6,1,3.21
weak,omp,dynamic,400,1,1500,0,0.464444,0.4635,0.4635,0.4635,81c1492c579439e6,1,3.21
weak,seq,seq,566,1,1500,0,0.900169,,,,df100dba3f4127b8,1,3.21
weak,omp,static,566,2,1500,0,0.458414,0.4553,0.4500,0.4527,df100dba3f4127b8,1,3.21
weak,omp,dynamic,566,2,1500,0,0.457689,0.4544,0.4533,0.4539,df100dba3f4127b8,1,3.21
weak,seq,seq,800,1,1500,0,1.850211,,,,61216e323e9aefaa,1,3.21
weak,omp,static,800,4,1500,0,0.528655,0.5123,0.4508,0.4759,61216e323e9aefaa,1,3.04
weak,omp,dynamic,800,4,1500,0,0.479377,0.4651,0.4629,0.4643,61216e323e9aefaa,1,3.04
weak,seq,seq,1131,1,1500,0,3.941222,,,,4d28d61b7c10324c,1,3.04
weak,omp,static,1131,8,1500,0,0.560457,0.5297,0.4523,0.4894,4d28d61b7c10324c,1,2.87
weak,omp,dynamic,1131,8,1500,0,0.570431,0.5025,0.4926,0.4991,4d28d61b7c10324c,1,2.87
weak,seq,seq,400,1,1500,0,0.453546,,,,81c1492c579439e6,2,2.87
weak,omp,static,400,1,1500,0,0.446037,0.4452,0.4452,0.4452,81c1492c579439e6,2,2.87
weak,omp,dynamic,400,1,1500,0,0.460857,0.4599,0.4599,0.4599,81c1492c579439e6,2,2.87
weak,seq,seq,566,1,1500,0,0.914894,,,,df100dba3f4127b8,2,2.87
weak,omp,static,566,2,1500,0,0.467010,0.4639,0.4503,0.4571,df100dba3f4127b8,2,2.87
weak,omp,dynamic,566,2,1500,0,0.464853,0.4577,0.4575,0.4576,df100dba3f4127b8,2,2.80
weak,seq,seq,800,1,1500,0,1.836869,,,,61216e323e9aefaa,2,2.80
weak,omp,static,800,4,1500,0,0.484620,0.4780,0.4449,0.4622,61216e323e9aefaa,2,2.80
weak,omp,dynamic,800,4,1500,0,0.476760,0.4625,0.4610,0.4620,61216e323e9aefaa,2,2.80
weak,seq,seq,1131,1,1500,0,3.939972,,,,4d28d61b7c10324c,2,2.80
weak,omp,static,1131,8,1500,0,0.568124,0.5296,0.4655,0.4938,4d28d61b7c10324c,2,2.66
weak,omp,dynamic,1131,8,1500,0,0.564883,0.5000,0.4963,0.4984,4d28d61b7c10324c,2,2.66
weak,seq,seq,400,1,1500,0,0.445953,,,,81c1492c579439e6,3,2.66
weak,omp,static,400,1,1500,0,0.447689,0.4468,0.4468,0.4468,81c1492c579439e6,3,2.66
weak,omp,dynamic,400,1,1500,0,0.446302,0.4455,0.4455,0.4455,81c1492c579439e6,3,2.66
weak,seq,seq,566,1,1500,0,0.898043,,,,df100dba3f4127b8,3,2.52
weak,omp,static,566,2,1500,0,0.456488,0.4531,0.4505,0.4518,df100dba3f4127b8,3,2.52
weak,omp,dynamic,566,2,1500,0,0.457098,0.4538,0.4521,0.4529,df100dba3f4127b8,3,2.52
weak,seq,seq,800,1,1500,0,1.848881,,,,61216e323e9aefaa,3,2.52
weak,omp,static,800,4,1500,0,0.488149,0.4756,0.4376,0.4619,61216e323e9aefaa,3,2.52
weak,omp,dynamic,800,4,1500,0,0.477847,0.4638,0.4618,0.4624,61216e323e9aefaa,3,2.52
weak,seq,seq,1131,1,1500,0,3.973827,,,,4d28d61b7c10324c,3,2.52
weak,omp,static,1131,8,1500,0,0.573417,0.5280,0.4515,0.4901,4d28d61b7c10324c,3,2.40
weak,omp,dynamic,1131,8,1500,0,0.569119,0.5060,0.4981,0.5005,4d28d61b7c10324c,3,2.40
sync,seq,seq,64,1,1672,1,0.011374,,,,efbb4809c334f30e,1,2.85
sync,omp,static,64,1,1672,1,0.011863,0.0113,0.0113,0.0113,efbb4809c334f30e,1,2.85
sync,omp,static,64,2,1672,1,0.007261,0.0061,0.0057,0.0059,efbb4809c334f30e,1,2.85
sync,omp,static,64,3,1672,1,0.005546,0.0041,0.0039,0.0040,efbb4809c334f30e,1,2.85
sync,omp,static,64,4,1672,1,0.006175,0.0038,0.0030,0.0033,efbb4809c334f30e,1,2.85
sync,omp,static,64,5,1672,1,0.007421,0.0027,0.0025,0.0026,efbb4809c334f30e,1,2.85
sync,omp,static,64,6,1672,1,0.005660,0.0024,0.0021,0.0023,efbb4809c334f30e,1,2.85
sync,omp,static,64,7,1672,1,0.007309,0.0020,0.0017,0.0019,efbb4809c334f30e,1,2.85
sync,omp,static,64,8,1672,1,0.006042,0.0022,0.0016,0.0018,efbb4809c334f30e,1,2.85
sync,seq,seq,64,1,1672,1,0.012025,,,,efbb4809c334f30e,2,2.85
sync,omp,static,64,1,1672,1,0.011551,0.0110,0.0110,0.0110,efbb4809c334f30e,2,2.85
sync,omp,static,64,2,1672,1,0.007914,0.0066,0.0058,0.0062,efbb4809c334f30e,2,2.85
sync,omp,static,64,3,1672,1,0.005848,0.0042,0.0039,0.0040,efbb4809c334f30e,2,2.85
sync,omp,static,64,4,1672,1,0.007179,0.0034,0.0030,0.0032,efbb4809c334f30e,2,2.85
sync,omp,static,64,5,1672,1,0.007510,0.0029,0.0025,0.0026,efbb4809c334f30e,2,2.85
sync,omp,static,64,6,1672,1,0.006196,0.0024,0.0023,0.0023,efbb4809c334f30e,2,2.85
sync,omp,static,64,7,1672,1,0.006066,0.0022,0.0019,0.0021,efbb4809c334f30e,2,2.85
sync,omp,static,64,8,1672,1,0.006197,0.0019,0.0017,0.0018,efbb4809c334f30e,2,2.85
sync,seq,seq,64,1,1672,1,0.011414,,,,efbb4809c334f30e,3,2.85
sync,omp,static,64,1,1672,1,0.011519,0.0110,0.0110,0.0110,efbb4809c334f30e,3,2.85
sync,omp,static,64,2,1672,1,0.007054,0.0058,0.0056,0.0057,efbb4809c334f30e,3,2.85
sync,omp,static,64,3,1672,1,0.005610,0.0041,0.0039,0.0040,efbb4809c334f30e,3,2.85
sync,omp,static,64,4,1672,1,0.004900,0.0031,0.0028,0.0029,efbb4809c334f30e,3,2.85
sync,omp,static,64,5,1672,1,0.004763,0.0027,0.0025,0.0025,efbb4809c334f30e,3,2.85
sync,omp,static,64,6,1672,1,0.004876,0.0024,0.0021,0.0022,efbb4809c334f30e,3,2.85
sync,omp,static,64,7,1672,1,0.005138,0.0020,0.0018,0.0019,efbb4809c334f30e,3,2.85
sync,omp,static,64,8,1672,1,0.005213,0.0020,0.0017,0.0018,efbb4809c334f30e,3,2.85